id,name_es,category,source_id,source_ref,energy_kcal,protein_g,carbs_g,fat_g,fiber_g,sugar_g,sodium_mg,density_g_per_ml,license_status,atwater_review
huevo,Huevo,huevos_lacteos,usda_fdc_sr_legacy,"FDC ID 171287 (sr_legacy) — Egg, whole, raw, fresh — https://fdc.nal.usda.gov/food-details/171287/nutrients — consultado 2026-09-27",143,12.56,0.72,9.51,0,0.37,142,,ok,False
arepa,Arepa,cereales_y_tuberculos,usda_fdc_fndds,FDC ID 2707828 (fndds) — Arepa Dominicana — https://fdc.nal.usda.gov/food-details/2707828/nutrients — consultado 2026-09-27. Proxy razonable de arepa colombiana (pan de maíz); FDC no tiene una entrada de arepa colombiana específica.,267,5.66,30.47,14,2.4,3.25,399,,ok,False
queso_campesino,Queso campesino,huevos_lacteos,usda_fdc_fndds,FDC ID 2705745 (fndds) — Queso Fresco — https://fdc.nal.usda.gov/food-details/2705745/nutrients — consultado 2026-09-27. Proxy de queso campesino colombiano (queso blanco fresco); FDC no distingue variantes colombianas.,298,18.88,2.96,23.36,0,2.32,626,,ok,False
arroz_blanco_cocido,Arroz blanco cocido,cereales_y_tuberculos,usda_fdc_sr_legacy,"FDC ID 168935 (sr_legacy) — Rice, white, long-grain, regular, cooked, unenriched, with salt — https://fdc.nal.usda.gov/food-details/168935/nutrients — consultado 2026-09-27",130,2.69,28.17,0.28,0.4,0.05,382,,ok,False
pechuga_de_pollo,Pechuga de pollo,carnes,usda_fdc_sr_legacy,"FDC ID 171477 (sr_legacy) — Chicken, broilers or fryers, breast, meat only, cooked, roasted — https://fdc.nal.usda.gov/food-details/171477/nutrients — consultado 2026-09-27",165,31.02,0,3.57,0,0,74,,ok,False
aguacate,Aguacate,frutas,usda_fdc_sr_legacy,"FDC ID 171706 (sr_legacy) — Avocados, raw, California — https://fdc.nal.usda.gov/food-details/171706/nutrients — consultado 2026-09-27. Variedad California (tipo Hass), más representativa del aguacate colombiano que 'all commercial varieties'.",167,1.96,8.64,15.41,6.8,0.3,8,,ok,False
platano_maduro,Plátano maduro,frutas,usda_fdc_foundation,"FDC ID 2710817 (foundation) — Plantains, ripe, raw — https://fdc.nal.usda.gov/food-details/2710817/nutrients — consultado 2026-09-27. energy_kcal calculado por factores de Atwater generales (4/4/9) sobre protein_g/carbs_g/fat_g de FDC: este alimento de Foundation Foods no incluye una fila de Energy directa en el export de 2025-12-18.",136.5,1.15625,30.95215,0.8933,2.125,14.243,0,,ok,False
papa_cocida,Papa cocida,cereales_y_tuberculos,usda_fdc_sr_legacy,"FDC ID 170438 (sr_legacy) — Potatoes, boiled, cooked in skin, flesh, without salt — https://fdc.nal.usda.gov/food-details/170438/nutrients — consultado 2026-09-27",87,1.87,20.13,0.1,1.8,0.91,4,,ok,False
pan_integral,Pan integral,cereales_y_tuberculos,usda_fdc_foundation,"FDC ID 335240 (foundation) — Bread, whole-wheat, commercially prepared — https://fdc.nal.usda.gov/food-details/335240/nutrients — consultado 2026-09-27",254,12.3,43.1,3.55,6.0,4.41,450,,ok,False
cafe,Café,bebidas,usda_fdc_sr_legacy,"FDC ID 171890 (sr_legacy) — Beverages, coffee, brewed, prepared with tap water — https://fdc.nal.usda.gov/food-details/171890/nutrients — consultado 2026-09-27. Fuera de ±20% Atwater en términos relativos (0.7 vs. 1 kcal) solo por ser un alimento de kcal casi nula; la diferencia absoluta (0.3 kcal/100g) es irrelevante en la práctica.",1,0.12,0,0.02,0,0,2,,ok,True
leche_entera,Leche entera,huevos_lacteos,usda_fdc_sr_legacy,"FDC ID 171265 (sr_legacy) — Milk, whole, 3.25% milkfat, with added vitamin D — https://fdc.nal.usda.gov/food-details/171265/nutrients — consultado 2026-09-27",61,3.15,4.8,3.25,0,5.05,43,1.03,ok,False
aceite_vegetal,Aceite vegetal,grasas_y_aceites,usda_fdc_sr_legacy,"FDC ID 171411 (sr_legacy) — Oil, soybean, salad or cooking — https://fdc.nal.usda.gov/food-details/171411/nutrients — consultado 2026-09-27",884,0,0,100,0,0,0,0.92,ok,False
aceite_de_oliva,Aceite de oliva,grasas_y_aceites,usda_fdc_sr_legacy,"FDC ID 171413 (sr_legacy) — Oil, olive, salad or cooking — https://fdc.nal.usda.gov/food-details/171413/nutrients — consultado 2026-09-27",884,0,0,100,0,0,2,0.91,ok,False
mantequilla,Mantequilla,grasas_y_aceites,usda_fdc_sr_legacy,"FDC ID 173430 (sr_legacy) — Butter, without salt — https://fdc.nal.usda.gov/food-details/173430/nutrients — consultado 2026-09-27",717,0.85,0.06,81.11,0,0.06,11,0.911,ok,False
azucar,Azúcar,azucares,usda_fdc_foundation,"FDC ID 334247 (foundation) — Sugars, granulated — https://fdc.nal.usda.gov/food-details/334247/nutrients — consultado 2026-09-27",385,0,99.6,0.32,,99.8,1,,ok,False
manzana,Manzana,frutas,usda_fdc_sr_legacy,"FDC ID 171688 (sr_legacy) — Apples, raw, with skin — https://fdc.nal.usda.gov/food-details/171688/nutrients — consultado 2026-09-27",52,0.26,13.81,0.17,2.4,10.39,1,,ok,False
banano,Banano,frutas,usda_fdc_sr_legacy,"FDC ID 173944 (sr_legacy) — Bananas, raw — https://fdc.nal.usda.gov/food-details/173944/nutrients — consultado 2026-09-27",89,1.09,22.84,0.33,2.6,12.23,1,,ok,False
frijol_cocido,Frijol cocido,leguminosas,usda_fdc_sr_legacy,"FDC ID 173740 (sr_legacy) — Beans, kidney, all types, mature seeds, cooked, boiled, without salt — https://fdc.nal.usda.gov/food-details/173740/nutrients — consultado 2026-09-27",127,8.67,22.8,0.5,6.4,0.32,1,,ok,False
lenteja_cocida,Lenteja cocida,leguminosas,usda_fdc_sr_legacy,"FDC ID 172421 (sr_legacy) — Lentils, mature seeds, cooked, boiled, without salt — https://fdc.nal.usda.gov/food-details/172421/nutrients — consultado 2026-09-27",116,9.02,20.13,0.38,7.9,1.8,2,,ok,False
carne_de_res,Carne de res,carnes,usda_fdc_sr_legacy,"FDC ID 173118 (sr_legacy) — Beef, top sirloin, steak, separable lean only, trimmed to 1/8"" fat, choice, cooked, broiled — https://fdc.nal.usda.gov/food-details/173118/nutrients — consultado 2026-09-27",187,29.51,0,6.72,0,0,61,,ok,False
jugo_de_naranja,Jugo de naranja,bebidas,usda_fdc_sr_legacy,"FDC ID 169098 (sr_legacy) — Orange juice, raw — https://fdc.nal.usda.gov/food-details/169098/nutrients — consultado 2026-09-27",45,0.7,10.4,0.2,0.2,8.4,1,,ok,False
mantequilla_de_mani,Mantequilla de maní,grasas_y_aceites,usda_fdc_sr_legacy,"FDC ID 172470 (sr_legacy) — Peanut butter, smooth style, without salt — https://fdc.nal.usda.gov/food-details/172470/nutrients — consultado 2026-09-27",598,22.21,22.31,51.36,5,10.49,17,,ok,False
tomate,Tomate,verduras,usda_fdc_sr_legacy,"FDC ID 170457 (sr_legacy) — Tomatoes, red, ripe, raw, year round average — https://fdc.nal.usda.gov/food-details/170457/nutrients — consultado 2026-09-27",18,0.88,3.89,0.2,1.2,2.63,5,,ok,False
cebolla,Cebolla,verduras,usda_fdc_sr_legacy,"FDC ID 170000 (sr_legacy) — Onions, raw — https://fdc.nal.usda.gov/food-details/170000/nutrients — consultado 2026-09-27",40,1.1,9.34,0.1,1.7,4.24,4,,ok,False
yuca_cocida,Yuca cocida,cereales_y_tuberculos,usda_fdc_fndds,"FDC ID 2709564 (fndds) — Cassava, cooked — https://fdc.nal.usda.gov/food-details/2709564/nutrients — consultado 2026-09-27",191,1.42,39.62,3.03,1.9,1.78,145,,ok,False
pasta_cocida,Pasta cocida,cereales_y_tuberculos,usda_fdc_sr_legacy,"FDC ID 168928 (sr_legacy) — Pasta, cooked, unenriched, without added salt — https://fdc.nal.usda.gov/food-details/168928/nutrients — consultado 2026-09-27",158,5.8,30.86,0.93,1.8,0.56,1,,ok,False
zanahoria,Zanahoria,verduras,usda_fdc_sr_legacy,"FDC ID 170393 (sr_legacy) — Carrots, raw — https://fdc.nal.usda.gov/food-details/170393/nutrients — consultado 2026-09-27",41,0.93,9.58,0.24,2.8,4.74,69,,ok,False
naranja,Naranja,frutas,usda_fdc_sr_legacy,"FDC ID 169097 (sr_legacy) — Oranges, raw, all commercial varieties — https://fdc.nal.usda.gov/food-details/169097/nutrients — consultado 2026-09-27",47,0.94,11.75,0.12,2.4,9.35,0,,ok,False
arroz_integral_cocido,Arroz integral cocido,cereales_y_tuberculos,usda_fdc_sr_legacy,"FDC ID 169704 (sr_legacy) — Rice, brown, long-grain, cooked (Includes foods for USDA's Food Distribution Program) — https://fdc.nal.usda.gov/food-details/169704/nutrients — consultado 2026-09-27",123,2.74,25.58,0.97,1.6,0.24,4,,ok,False
maiz_tierno,Maíz tierno (choclo),cereales_y_tuberculos,usda_fdc_sr_legacy,"FDC ID 169999 (sr_legacy) — Corn, sweet, yellow, cooked, boiled, drained, without salt — https://fdc.nal.usda.gov/food-details/169999/nutrients — consultado 2026-09-27",96,3.41,20.98,1.5,2.4,4.54,1,,ok,False
harina_de_trigo,Harina de trigo,cereales_y_tuberculos,usda_fdc_sr_legacy,"FDC ID 168894 (sr_legacy) — Wheat flour, white, all-purpose, enriched, bleached — https://fdc.nal.usda.gov/food-details/168894/nutrients — consultado 2026-09-27",364,10.33,76.31,0.98,2.7,0.27,2,,ok,False
avena_cocida,Avena cocida,cereales_y_tuberculos,usda_fdc_sr_legacy,"FDC ID 173905 (sr_legacy) — Cereals, oats, regular and quick, unenriched, cooked with water (includes boiling and microwaving), without salt — https://fdc.nal.usda.gov/food-details/173905/nutrients — consultado 2026-09-27",71,2.54,12,1.52,1.7,0.27,4,,ok,False
papa_criolla,Papa criolla,cereales_y_tuberculos,usda_fdc_foundation,"FDC ID 2346403 (foundation) — Potatoes, gold, without skin, raw — https://fdc.nal.usda.gov/food-details/2346403/nutrients — consultado 2026-09-27. Proxy de papa criolla colombiana (papa amarilla pequeña); FDC no tiene una entrada específica ni una versión cocida de esta variedad, se usa la versión cruda ""gold potato"" más cercana. energy_kcal calculado por factores de Atwater generales (4/4/9) sobre protein_g/carbs_g/fat_g de FDC: este alimento de Foundation Foods no incluye una fila de Energy directa.",73.47,1.8125,15.9624,0.2638,,0.6451,2.238,,ok,False
platano_verde_cocido,Plátano verde cocido,cereales_y_tuberculos,usda_fdc_sr_legacy,"FDC ID 168215 (sr_legacy) — Plantains, green, raw — https://fdc.nal.usda.gov/food-details/168215/nutrients — consultado 2026-09-27. Proxy de plátano verde cocido: FDC no tiene una entrada de plátano verde hervido/cocido, solo crudo; se usa el crudo como aproximación (el cocido en agua sin otros ingredientes no cambia sustancialmente los macronutrientes por 100 g).",152,1.25,36.66,0.07,2.2,2.29,2,,ok,False
name_cocido,Ñame cocido,cereales_y_tuberculos,usda_fdc_sr_legacy,"FDC ID 170551 (sr_legacy) — Yam, cooked, boiled, drained, or baked, with salt — https://fdc.nal.usda.gov/food-details/170551/nutrients — consultado 2026-09-27",114,1.49,26.99,0.14,3.9,0.49,244,,ok,False
quinoa_cocida,Quinoa cocida,cereales_y_tuberculos,usda_fdc_sr_legacy,"FDC ID 168917 (sr_legacy) — Quinoa, cooked — https://fdc.nal.usda.gov/food-details/168917/nutrients — consultado 2026-09-27",120,4.4,21.3,1.92,2.8,0.87,7,,ok,False
pan_frances,Pan francés,cereales_y_tuberculos,usda_fdc_sr_legacy,"FDC ID 172675 (sr_legacy) — Bread, french or vienna (includes sourdough) — https://fdc.nal.usda.gov/food-details/172675/nutrients — consultado 2026-09-27",272,10.75,51.88,2.42,2.2,4.62,602,,ok,False
galletas_tipo_soda,Galletas tipo soda,cereales_y_tuberculos,usda_fdc_sr_legacy,"FDC ID 172746 (sr_legacy) — Crackers, saltines (includes oyster, soda, soup) — https://fdc.nal.usda.gov/food-details/172746/nutrients — consultado 2026-09-27",418,9.46,74.05,8.64,2.8,1.29,941,,ok,False
masarepa,Masarepa (harina de maíz precocida),cereales_y_tuberculos,usda_fdc_sr_legacy,"FDC ID 169694 (sr_legacy) — Corn flour, masa, enriched, white — https://fdc.nal.usda.gov/food-details/169694/nutrients — consultado 2026-09-27. Proxy razonable de masarepa (harina de maíz precocida colombiana); FDC no distingue la marca/preparación colombiana específica, se usa harina de maíz tipo masa como equivalente más cercano.",363,8.46,76.59,3.69,6.4,1.61,5,,ok,False
maicena,Maicena,cereales_y_tuberculos,usda_fdc_sr_legacy,"FDC ID 169698 (sr_legacy) — Cornstarch — https://fdc.nal.usda.gov/food-details/169698/nutrients — consultado 2026-09-27",381,0.26,91.27,0.05,0.9,0,9,,ok,False
garbanzo_cocido,Garbanzo cocido,leguminosas,usda_fdc_sr_legacy,"FDC ID 173757 (sr_legacy) — Chickpeas (garbanzo beans, bengal gram), mature seeds, cooked, boiled, without salt — https://fdc.nal.usda.gov/food-details/173757/nutrients — consultado 2026-09-27",164,8.86,27.42,2.59,7.6,4.8,7,,ok,False
arveja_verde_cocida,Arveja verde cocida,leguminosas,usda_fdc_sr_legacy,"FDC ID 170420 (sr_legacy) — Peas, green, cooked, boiled, drained, without salt — https://fdc.nal.usda.gov/food-details/170420/nutrients — consultado 2026-09-27",84,5.36,15.63,0.22,5.5,5.93,3,,ok,False
arveja_seca_cocida,Arveja seca cocida,leguminosas,usda_fdc_sr_legacy,"FDC ID 172429 (sr_legacy) — Peas, split, mature seeds, cooked, boiled, without salt — https://fdc.nal.usda.gov/food-details/172429/nutrients — consultado 2026-09-27",118,8.34,21.1,0.39,8.3,2.9,2,,ok,False
haba_cocida,Haba cocida,leguminosas,usda_fdc_sr_legacy,"FDC ID 173753 (sr_legacy) — Broadbeans (fava beans), mature seeds, cooked, boiled, without salt — https://fdc.nal.usda.gov/food-details/173753/nutrients — consultado 2026-09-27",110,7.6,19.65,0.4,5.4,1.82,5,,ok,False
soya_granos,Soya (granos cocidos),leguminosas,usda_fdc_sr_legacy,"FDC ID 174271 (sr_legacy) — Soybeans, mature cooked, boiled, without salt — https://fdc.nal.usda.gov/food-details/174271/nutrients — consultado 2026-09-27",172,18.21,8.36,8.97,6,3,1,,ok,False
mani_crudo,Maní crudo,leguminosas,usda_fdc_foundation,"FDC ID 2515376 (foundation) — Peanuts, raw — https://fdc.nal.usda.gov/food-details/2515376/nutrients — consultado 2026-09-27. energy_kcal calculado por factores de Atwater generales (4/4/9) sobre protein_g/carbs_g/fat_g de FDC: este alimento de Foundation Foods no incluye una fila de Energy directa.",588.33,23.205,26.498,43.28,8.014,,1.493,,ok,False
muslo_de_pollo,Muslo de pollo,carnes,usda_fdc_sr_legacy,"FDC ID 173625 (sr_legacy) — Chicken, broilers or fryers, thigh, meat and skin, cooked, roasted — https://fdc.nal.usda.gov/food-details/173625/nutrients — consultado 2026-09-27",232,23.26,0,14.71,0,0,102,,ok,False
alas_de_pollo,Alas de pollo,carnes,usda_fdc_sr_legacy,"FDC ID 173630 (sr_legacy) — Chicken, broilers or fryers, wing, meat and skin, cooked, roasted — https://fdc.nal.usda.gov/food-details/173630/nutrients — consultado 2026-09-27",254,23.79,0,16.87,0,0,98,,ok,False
lomo_de_cerdo,Lomo de cerdo,carnes,usda_fdc_sr_legacy,"FDC ID 168233 (sr_legacy) — Pork, fresh, loin, whole, separable lean only, cooked, roasted — https://fdc.nal.usda.gov/food-details/168233/nutrients — consultado 2026-09-27",209,28.62,0,9.63,0,0,58,,ok,False
costilla_de_cerdo,Costilla de cerdo,carnes,usda_fdc_sr_legacy,"FDC ID 167854 (sr_legacy) — Pork, fresh, spareribs, separable lean and fat, cooked, braised — https://fdc.nal.usda.gov/food-details/167854/nutrients — consultado 2026-09-27",397,29.06,0,30.3,0,0,93,,ok,False
costilla_de_res,Costilla de res,carnes,usda_fdc_sr_legacy,"FDC ID 168613 (sr_legacy) — Beef, rib, shortribs, separable lean and fat, choice, cooked, braised — https://fdc.nal.usda.gov/food-details/168613/nutrients — consultado 2026-09-27. 'Shortribs' es el corte de costilla de res más cercano en FDC.",471,21.57,0,41.98,0,0,50,,ok,False
chuleta_de_cerdo,Chuleta de cerdo,carnes,usda_fdc_sr_legacy,"FDC ID 168240 (sr_legacy) — Pork, fresh, loin, center loin (chops), bone-in, separable lean only, cooked, broiled — https://fdc.nal.usda.gov/food-details/168240/nutrients — consultado 2026-09-27",180,26.76,0,7.29,0,0,56,,ok,False
tocino,Tocino,carnes,usda_fdc_sr_legacy,"FDC ID 167914 (sr_legacy) — Pork, cured, bacon, cooked, baked — https://fdc.nal.usda.gov/food-details/167914/nutrients — consultado 2026-09-27",548,35.73,1.35,43.27,0,0,2193,,ok,False
carne_molida_de_res,Carne molida de res,carnes,usda_fdc_sr_legacy,"FDC ID 171798 (sr_legacy) — Beef, ground, 80% lean meat / 20% fat, patty, cooked, pan-broiled — https://fdc.nal.usda.gov/food-details/171798/nutrients — consultado 2026-09-27",246,24.04,0,15.94,0,0,83,,ok,False
higado_de_res,Hígado de res,carnes,usda_fdc_sr_legacy,"FDC ID 168626 (sr_legacy) — Beef, variety meats and by-products, liver, cooked, braised — https://fdc.nal.usda.gov/food-details/168626/nutrients — consultado 2026-09-27",191,29.08,5.13,5.26,0,0,79,,ok,False
chorizo,Chorizo,carnes,usda_fdc_sr_legacy,"FDC ID 173859 (sr_legacy) — Sausage, pork, chorizo, link or ground, raw — https://fdc.nal.usda.gov/food-details/173859/nutrients — consultado 2026-09-27. Es la entrada 'chorizo' de FDC pero en versión cruda (no hay una versión cocida citable específica); el chorizo colombiano suele consumirse frito o asado, así que el valor real cocido puede diferir algo por pérdida de grasa en la cocción.",296,13.63,3.78,25.1,0,0,788,,ok,False
longaniza,Longaniza,carnes,usda_fdc_sr_legacy,"FDC ID 174578 (sr_legacy) — Pork sausage, link/patty, cooked, pan-fried — https://fdc.nal.usda.gov/food-details/174578/nutrients — consultado 2026-09-27. Proxy: FDC no tiene 'longaniza' como entrada propia; se usa salchicha de cerdo genérica cocida, el embutido más cercano en composición.",325,18.53,1.42,27.25,0,1.09,814,,ok,False
jamon,Jamón,carnes,usda_fdc_sr_legacy,"FDC ID 173864 (sr_legacy) — Ham, sliced, regular (approximately 11% fat) — https://fdc.nal.usda.gov/food-details/173864/nutrients — consultado 2026-09-27",164,16.6,3.63,8.8,1.3,1,814,,ok,False
mortadela,Mortadela,carnes,usda_fdc_sr_legacy,"FDC ID 172013 (sr_legacy) — Bologna, beef and pork — https://fdc.nal.usda.gov/food-details/172013/nutrients — consultado 2026-09-27. 'Bologna' es el equivalente directo de mortadela en la nomenclatura de FDC.",308,15.2,5.49,24.59,0,4.42,960,,ok,False
salchicha,Salchicha,carnes,usda_fdc_sr_legacy,"FDC ID 174614 (sr_legacy) — Frankfurter, beef, heated — https://fdc.nal.usda.gov/food-details/174614/nutrients — consultado 2026-09-27",322,11.69,2.66,29.36,0,1.27,852,,ok,False
bagre,Bagre,carnes,usda_fdc_sr_legacy,"FDC ID 173714 (sr_legacy) — Fish, catfish, channel, wild, cooked, dry heat — https://fdc.nal.usda.gov/food-details/173714/nutrients — consultado 2026-09-27. 'Catfish' (bagre de canal) es el proxy más cercano; no distingue especies de bagre sudamericano.",105,18.47,0,2.85,0,,50,,ok,False
tilapia,Tilapia,carnes,usda_fdc_sr_legacy,"FDC ID 175177 (sr_legacy) — Fish, tilapia, cooked, dry heat — https://fdc.nal.usda.gov/food-details/175177/nutrients — consultado 2026-09-27",128,26.15,0,2.65,0,0,56,,ok,False
trucha,Trucha,carnes,usda_fdc_sr_legacy,"FDC ID 175155 (sr_legacy) — Fish, trout, rainbow, wild, cooked, dry heat — https://fdc.nal.usda.gov/food-details/175155/nutrients — consultado 2026-09-27",150,22.92,0,5.82,0,,56,,ok,False
atun_enlatado,Atún enlatado,carnes,usda_fdc_sr_legacy,"FDC ID 171986 (sr_legacy) — Fish, tuna, light, canned in water, without salt, drained solids — https://fdc.nal.usda.gov/food-details/171986/nutrients — consultado 2026-09-27",116,25.51,0,0.82,0,0,50,,ok,False
camaron,Camarón,carnes,usda_fdc_sr_legacy,"FDC ID 171971 (sr_legacy) — Crustaceans, shrimp, mixed species, cooked, moist heat (may contain additives to retain moisture) — https://fdc.nal.usda.gov/food-details/171971/nutrients — consultado 2026-09-27",119,22.78,1.52,1.7,0,0,947,,ok,False
pavo_pechuga,Pechuga de pavo,carnes,usda_fdc_sr_legacy,"FDC ID 171496 (sr_legacy) — Turkey, whole, breast, meat only, cooked, roasted — https://fdc.nal.usda.gov/food-details/171496/nutrients — consultado 2026-09-27",147,30.13,0,2.08,0,0,99,,ok,False
leche_descremada,Leche descremada,huevos_lacteos,usda_fdc_sr_legacy,"FDC ID 171269 (sr_legacy) — Milk, nonfat, fluid, with added vitamin A and vitamin D (fat free or skim) — https://fdc.nal.usda.gov/food-details/171269/nutrients — consultado 2026-09-27",34,3.37,4.96,0.08,0,5.09,42,1.03,ok,False
yogur_natural,Yogur natural,huevos_lacteos,usda_fdc_sr_legacy,"FDC ID 171284 (sr_legacy) — Yogurt, plain, whole milk — https://fdc.nal.usda.gov/food-details/171284/nutrients — consultado 2026-09-27",61,3.47,4.66,3.25,0,4.66,46,1.03,ok,False
yogur_con_frutas,Yogur con frutas,huevos_lacteos,usda_fdc_sr_legacy,"FDC ID 170889 (sr_legacy) — Yogurt, fruit, low fat, 9 g protein/8 oz — https://fdc.nal.usda.gov/food-details/170889/nutrients — consultado 2026-09-27",99,3.98,18.64,1.15,0,18.64,53,1.03,ok,False
queso_doble_crema,Queso doble crema,huevos_lacteos,usda_fdc_sr_legacy,"FDC ID 173437 (sr_legacy) — Cheese, mexican, queso asadero — https://fdc.nal.usda.gov/food-details/173437/nutrients — consultado 2026-09-27. Proxy de queso doble crema colombiano (queso blando, fundente, alto en grasa); FDC no tiene una entrada específica de queso doble crema colombiano.",356,22.6,4.13,25,0,0,607,,ok,False
queso_mozzarella,Queso mozzarella,huevos_lacteos,usda_fdc_sr_legacy,"FDC ID 170846 (sr_legacy) — Cheese, mozzarella, whole milk, low moisture — https://fdc.nal.usda.gov/food-details/170846/nutrients — consultado 2026-09-27",318,21.6,2.47,24.64,0,1.01,710,,ok,False
queso_costeno,Queso costeño,huevos_lacteos,usda_fdc_sr_legacy,"FDC ID 170898 (sr_legacy) — Cheese, mexican, queso cotija — https://fdc.nal.usda.gov/food-details/170898/nutrients — consultado 2026-09-27. Proxy de queso costeño colombiano (queso blanco duro, salado, para rallar/desmenuzar); FDC no tiene una entrada específica de queso costeño colombiano.",366,20,3.97,30,0,0,1400,,ok,False
queso_paipa,Queso paipa,huevos_lacteos,usda_fdc_sr_legacy,"FDC ID 171241 (sr_legacy) — Cheese, gouda — https://fdc.nal.usda.gov/food-details/171241/nutrients — consultado 2026-09-27. Proxy de queso paipa colombiano (queso semiduro, suave, ligeramente ácido); FDC no tiene una entrada específica de queso paipa colombiano.",356,24.94,2.22,27.44,0,2.22,819,,ok,False
kumis,Kumis,huevos_lacteos,usda_fdc_sr_legacy,"FDC ID 170874 (sr_legacy) — Milk, buttermilk, fluid, cultured, lowfat — https://fdc.nal.usda.gov/food-details/170874/nutrients — consultado 2026-09-27. Proxy de kumis colombiano (leche fermentada cultivada); FDC no tiene una entrada específica de kumis.",40,3.31,4.79,1.07,0,5.36,148,1.03,ok,False
arequipe,Arequipe (dulce de leche),huevos_lacteos,usda_fdc_sr_legacy,"FDC ID 173461 (sr_legacy) — Dulce de Leche — https://fdc.nal.usda.gov/food-details/173461/nutrients — consultado 2026-09-27",315,6.84,55.35,7.35,0,49.74,129,,ok,False
crema_de_leche,Crema de leche,huevos_lacteos,usda_fdc_sr_legacy,"FDC ID 170859 (sr_legacy) — Cream, fluid, heavy whipping — https://fdc.nal.usda.gov/food-details/170859/nutrients — consultado 2026-09-27",340,2.84,2.84,36.08,0,2.92,27,1.0,ok,False
leche_condensada,Leche condensada,huevos_lacteos,usda_fdc_sr_legacy,"FDC ID 171275 (sr_legacy) — Milk, canned, condensed, sweetened — https://fdc.nal.usda.gov/food-details/171275/nutrients — consultado 2026-09-27",321,7.91,54.4,8.7,0,54.4,127,1.3,ok,False
leche_en_polvo,Leche en polvo,huevos_lacteos,usda_fdc_sr_legacy,"FDC ID 170876 (sr_legacy) — Milk, dry, whole, with added vitamin D — https://fdc.nal.usda.gov/food-details/170876/nutrients — consultado 2026-09-27",496,26.32,38.42,26.71,0,38.42,371,,ok,False
helado,Helado,huevos_lacteos,usda_fdc_sr_legacy,"FDC ID 167575 (sr_legacy) — Ice creams, vanilla — https://fdc.nal.usda.gov/food-details/167575/nutrients — consultado 2026-09-27",207,3.5,23.6,11,0.7,21.22,80,,ok,False
mango,Mango,frutas,usda_fdc_sr_legacy,"FDC ID 169910 (sr_legacy) — Mangos, raw — https://fdc.nal.usda.gov/food-details/169910/nutrients — consultado 2026-09-27",60,0.82,14.98,0.38,1.6,13.66,1,,ok,False
papaya,Papaya,frutas,usda_fdc_sr_legacy,"FDC ID 169926 (sr_legacy) — Papayas, raw — https://fdc.nal.usda.gov/food-details/169926/nutrients — consultado 2026-09-27",43,0.47,10.82,0.26,1.7,7.82,8,,ok,False
pina,Piña,frutas,usda_fdc_sr_legacy,"FDC ID 169124 (sr_legacy) — Pineapple, raw, all varieties — https://fdc.nal.usda.gov/food-details/169124/nutrients — consultado 2026-09-27",50,0.54,13.12,0.12,1.4,9.85,1,,ok,False
maracuya,Maracuyá,frutas,usda_fdc_sr_legacy,"FDC ID 169108 (sr_legacy) — Passion-fruit, (granadilla), purple, raw — https://fdc.nal.usda.gov/food-details/169108/nutrients — consultado 2026-09-27. FDC no distingue variedad amarilla/morada de maracuyá; se usa la única entrada de passion-fruit disponible.",97,2.2,23.38,0.7,10.4,11.2,28,,ok,False
granadilla,Granadilla,frutas,usda_fdc_sr_legacy,"FDC ID 169108 (sr_legacy) — Passion-fruit, (granadilla), purple, raw — https://fdc.nal.usda.gov/food-details/169108/nutrients — consultado 2026-09-27. Proxy: FDC etiqueta esta entrada como 'granadilla' pero es la especie Passiflora edulis morada (maracuyá); no hay una entrada FDC específica para Passiflora ligularis (granadilla dulce colombiana). Mismo valor que maracuyá hasta encontrar una fuente mejor.",97,2.2,23.38,0.7,10.4,11.2,28,,ok,False
guayaba,Guayaba,frutas,usda_fdc_sr_legacy,"FDC ID 173044 (sr_legacy) — Guavas, common, raw — https://fdc.nal.usda.gov/food-details/173044/nutrients — consultado 2026-09-27",68,2.55,14.32,0.95,5.4,8.92,2,,ok,False
mora,Mora,frutas,usda_fdc_sr_legacy,"FDC ID 173946 (sr_legacy) — Blackberries, raw — https://fdc.nal.usda.gov/food-details/173946/nutrients — consultado 2026-09-27. Proxy razonable de mora andina colombiana (Rubus glaucus); FDC no tiene una entrada específica para esa especie.",43,1.39,9.61,0.49,5.3,4.88,1,,ok,False
fresa,Fresa,frutas,usda_fdc_sr_legacy,"FDC ID 167762 (sr_legacy) — Strawberries, raw — https://fdc.nal.usda.gov/food-details/167762/nutrients — consultado 2026-09-27",32,0.67,7.68,0.3,2,4.89,1,,ok,False
lulo,Lulo,frutas,usda_fdc_sr_legacy,"FDC ID 167790 (sr_legacy) — Naranjilla (lulo) pulp, frozen, unsweetened — https://fdc.nal.usda.gov/food-details/167790/nutrients — consultado 2026-09-27. Es pulpa congelada sin azúcar, no la fruta fresca entera, pero FDC no tiene una entrada de lulo fresco.",25,0.44,5.9,0.22,1.1,3.74,4,,ok,False
guanabana,Guanábana,frutas,usda_fdc_sr_legacy,"FDC ID 167761 (sr_legacy) — Soursop, raw — https://fdc.nal.usda.gov/food-details/167761/nutrients — consultado 2026-09-27",66,1,16.84,0.3,3.3,13.54,14,,ok,False
uva,Uva,frutas,usda_fdc_sr_legacy,"FDC ID 174683 (sr_legacy) — Grapes, red or green (European type, such as Thompson seedless), raw — https://fdc.nal.usda.gov/food-details/174683/nutrients — consultado 2026-09-27",69,0.72,18.1,0.16,0.9,15.48,2,,ok,False
pera,Pera,frutas,usda_fdc_sr_legacy,"FDC ID 169118 (sr_legacy) — Pears, raw — https://fdc.nal.usda.gov/food-details/169118/nutrients — consultado 2026-09-27",57,0.36,15.23,0.14,3.1,9.75,1,,ok,False
sandia,Sandía,frutas,usda_fdc_sr_legacy,"FDC ID 167765 (sr_legacy) — Watermelon, raw — https://fdc.nal.usda.gov/food-details/167765/nutrients — consultado 2026-09-27",30,0.61,7.55,0.15,0.4,6.2,1,,ok,False
melon,Melón,frutas,usda_fdc_sr_legacy,"FDC ID 169092 (sr_legacy) — Melons, cantaloupe, raw — https://fdc.nal.usda.gov/food-details/169092/nutrients — consultado 2026-09-27. Variedad cantaloupe; si el usuario se refiere a otra variedad (honeydew), los valores pueden diferir ligeramente.",34,0.84,8.16,0.19,0.9,7.86,16,,ok,False
durazno,Durazno,frutas,usda_fdc_sr_legacy,"FDC ID 169928 (sr_legacy) — Peaches, yellow, raw — https://fdc.nal.usda.gov/food-details/169928/nutrients — consultado 2026-09-27",39,0.91,9.54,0.25,1.5,8.39,0,,ok,False
ciruela,Ciruela,frutas,usda_fdc_sr_legacy,"FDC ID 169949 (sr_legacy) — Plums, raw — https://fdc.nal.usda.gov/food-details/169949/nutrients — consultado 2026-09-27",46,0.7,11.42,0.28,1.4,9.92,0,,ok,False
coco,Coco,frutas,usda_fdc_sr_legacy,"FDC ID 170169 (sr_legacy) — Nuts, coconut meat, raw — https://fdc.nal.usda.gov/food-details/170169/nutrients — consultado 2026-09-27",354,3.33,15.23,33.49,9,6.23,20,,ok,False
feijoa,Feijoa,frutas,usda_fdc_sr_legacy,"FDC ID 168176 (sr_legacy) — Feijoa, raw — https://fdc.nal.usda.gov/food-details/168176/nutrients — consultado 2026-09-27",61,0.71,15.21,0.42,6.4,8.2,3,,ok,False
limon,Limón,frutas,usda_fdc_sr_legacy,"FDC ID 168155 (sr_legacy) — Limes, raw — https://fdc.nal.usda.gov/food-details/168155/nutrients — consultado 2026-09-27. Fuera de ±20% Atwater (calculado ~46.8 kcal vs. 30 kcal declaradas): valor oficial de USDA para lima cruda; mismo patrón que 'café' en el catálogo semilla (Atwater general sobreestima cítricos ácidos/fibrosos de baja energía real).",30,0.7,10.54,0.2,2.8,1.69,2,,ok,True
mandarina,Mandarina,frutas,usda_fdc_sr_legacy,"FDC ID 169105 (sr_legacy) — Tangerines, (mandarin oranges), raw — https://fdc.nal.usda.gov/food-details/169105/nutrients — consultado 2026-09-27",53,0.81,13.34,0.31,1.8,10.58,2,,ok,False
zapote,Zapote,frutas,usda_fdc_sr_legacy,"FDC ID 167760 (sr_legacy) — Sapote, mamey, raw — https://fdc.nal.usda.gov/food-details/167760/nutrients — consultado 2026-09-27. Corresponde a zapote mamey (Pouteria sapota), la variedad más común en Colombia; no confundir con sapodilla (Manilkara zapota).",124,1.45,32.1,0.46,5.4,20.14,7,,ok,False
nispero,Níspero,frutas,usda_fdc_sr_legacy,"FDC ID 169908 (sr_legacy) — Loquats, raw — https://fdc.nal.usda.gov/food-details/169908/nutrients — consultado 2026-09-27",47,0.43,12.14,0.2,1.7,,1,,ok,False
pitahaya,Pitahaya,frutas,usda_fdc_fndds,"FDC ID 2709234 (fndds) — Dragon fruit — https://fdc.nal.usda.gov/food-details/2709234/nutrients — consultado 2026-09-27",68,0.68,16.24,0.21,1.8,12,1,,ok,False
tamarindo,Tamarindo,frutas,usda_fdc_sr_legacy,"FDC ID 167763 (sr_legacy) — Tamarinds, raw — https://fdc.nal.usda.gov/food-details/167763/nutrients — consultado 2026-09-27",239,2.8,62.5,0.6,5.1,38.8,28,,ok,False
lechuga,Lechuga,verduras,usda_fdc_sr_legacy,"FDC ID 169249 (sr_legacy) — Lettuce, green leaf, raw — https://fdc.nal.usda.gov/food-details/169249/nutrients — consultado 2026-09-27. Proxy de lechuga común colombiana (crespa/batavia); FDC no distingue esa variedad. Fuera de ±20% Atwater (18.3 vs 15 kcal) por el método de factores específicos de fibra que usa FDC, no por error de dato — mismo criterio aceptado que 'café'.",15,1.36,2.87,0.15,1.3,0.78,28,,ok,True
espinaca,Espinaca,verduras,usda_fdc_sr_legacy,"FDC ID 168462 (sr_legacy) — Spinach, raw — https://fdc.nal.usda.gov/food-details/168462/nutrients — consultado 2026-09-27. Fuera de ±20% Atwater (29.5 vs 23 kcal) por factores específicos de fibra de FDC, no por error de dato.",23,2.86,3.63,0.39,2.2,0.42,79,,ok,True
pepino_cohombro,Pepino cohombro,verduras,usda_fdc_sr_legacy,"FDC ID 168409 (sr_legacy) — Cucumber, with peel, raw — https://fdc.nal.usda.gov/food-details/168409/nutrients — consultado 2026-09-27. Fuera de ±20% Atwater por poco margen (18.1 vs 15 kcal), factores específicos de fibra de FDC.",15,0.65,3.63,0.11,0.5,1.67,2,,ok,True
pimenton,Pimentón,verduras,usda_fdc_sr_legacy,"FDC ID 170108 (sr_legacy) — Peppers, sweet, red, raw — https://fdc.nal.usda.gov/food-details/170108/nutrients — consultado 2026-09-27",26,0.99,6.03,0.3,2.1,4.2,4,,ok,False
brocoli,Brócoli,verduras,usda_fdc_sr_legacy,"FDC ID 170379 (sr_legacy) — Broccoli, raw — https://fdc.nal.usda.gov/food-details/170379/nutrients — consultado 2026-09-27. Fuera de ±20% Atwater por poco margen (41.2 vs 34 kcal), factores específicos de fibra de FDC.",34,2.82,6.64,0.37,2.6,1.7,33,,ok,True
coliflor,Coliflor,verduras,usda_fdc_sr_legacy,"FDC ID 169986 (sr_legacy) — Cauliflower, raw — https://fdc.nal.usda.gov/food-details/169986/nutrients — consultado 2026-09-27. Fuera de ±20% Atwater por poco margen (30.1 vs 25 kcal), factores específicos de fibra de FDC.",25,1.92,4.97,0.28,2,1.91,30,,ok,True
calabacin,Calabacín,verduras,usda_fdc_sr_legacy,"FDC ID 169291 (sr_legacy) — Squash, summer, zucchini, includes skin, raw — https://fdc.nal.usda.gov/food-details/169291/nutrients — consultado 2026-09-27",17,1.21,3.11,0.32,1,2.5,8,,ok,False
ahuyama,Ahuyama,verduras,usda_fdc_sr_legacy,"FDC ID 170490 (sr_legacy) — Squash, winter, all varieties, cooked, baked, without salt — https://fdc.nal.usda.gov/food-details/170490/nutrients — consultado 2026-09-27. Proxy de ahuyama (zapallo/calabaza) colombiana, consumida típicamente cocida; FDC no tiene una entrada específica de ahuyama.",37,0.89,8.85,0.35,2.8,3.3,1,,ok,False
habichuela,Habichuela,verduras,usda_fdc_sr_legacy,"FDC ID 169141 (sr_legacy) — Beans, snap, green, cooked, boiled, drained, without salt — https://fdc.nal.usda.gov/food-details/169141/nutrients — consultado 2026-09-27. Habichuela colombiana = judía verde (green bean); se usa la variante cocida por ser la forma de consumo típica.",35,1.89,7.88,0.28,3.2,3.63,1,,ok,False
remolacha,Remolacha,verduras,usda_fdc_sr_legacy,"FDC ID 169146 (sr_legacy) — Beets, cooked, boiled, drained — https://fdc.nal.usda.gov/food-details/169146/nutrients — consultado 2026-09-27",44,1.68,9.96,0.18,2,7.96,77,,ok,False
apio,Apio,verduras,usda_fdc_sr_legacy,"FDC ID 169988 (sr_legacy) — Celery, raw — https://fdc.nal.usda.gov/food-details/169988/nutrients — consultado 2026-09-27",14,0.69,2.97,0.17,1.6,1.34,80,,ok,False
cilantro,Cilantro,verduras,usda_fdc_sr_legacy,"FDC ID 169997 (sr_legacy) — Coriander (cilantro) leaves, raw — https://fdc.nal.usda.gov/food-details/169997/nutrients — consultado 2026-09-27. Fuera de ±20% Atwater por poco margen (27.9 vs 23 kcal), factores específicos de fibra de FDC.",23,2.13,3.67,0.52,2.8,0.87,46,,ok,True
ajo,Ajo,verduras,usda_fdc_sr_legacy,"FDC ID 169230 (sr_legacy) — Garlic, raw — https://fdc.nal.usda.gov/food-details/169230/nutrients — consultado 2026-09-27",149,6.36,33.06,0.5,2.1,1,17,,ok,False
repollo,Repollo,verduras,usda_fdc_sr_legacy,"FDC ID 169975 (sr_legacy) — Cabbage, raw — https://fdc.nal.usda.gov/food-details/169975/nutrients — consultado 2026-09-27",25,1.28,5.8,0.1,2.5,3.2,18,,ok,False
rabano,Rábano,verduras,usda_fdc_sr_legacy,"FDC ID 169276 (sr_legacy) — Radishes, raw — https://fdc.nal.usda.gov/food-details/169276/nutrients — consultado 2026-09-27",16,0.68,3.4,0.1,1.6,1.86,39,,ok,False
perejil,Perejil,verduras,usda_fdc_sr_legacy,"FDC ID 170416 (sr_legacy) — Parsley, fresh — https://fdc.nal.usda.gov/food-details/170416/nutrients — consultado 2026-09-27. Fuera de ±20% Atwater (44.3 vs 36 kcal), factores específicos de fibra de FDC.",36,2.97,6.33,0.79,3.3,0.85,56,,ok,True
berenjena,Berenjena,verduras,usda_fdc_sr_legacy,"FDC ID 169228 (sr_legacy) — Eggplant, raw — https://fdc.nal.usda.gov/food-details/169228/nutrients — consultado 2026-09-27",25,0.98,5.88,0.18,3,3.53,2,,ok,False
champinones,Champiñones,verduras,usda_fdc_sr_legacy,"FDC ID 169251 (sr_legacy) — Mushrooms, white, raw — https://fdc.nal.usda.gov/food-details/169251/nutrients — consultado 2026-09-27. Fuera de ±20% Atwater (28.5 vs 22 kcal), factores específicos de fibra de FDC.",22,3.09,3.26,0.34,1,1.98,5,,ok,True
alcachofa,Alcachofa,verduras,usda_fdc_sr_legacy,"FDC ID 169205 (sr_legacy) — Artichokes, (globe or french), raw — https://fdc.nal.usda.gov/food-details/169205/nutrients — consultado 2026-09-27. Fuera de ±20% Atwater por muy poco margen (56.5 vs 47 kcal), factores específicos de fibra de FDC.",47,3.27,10.51,0.15,5.4,0.99,94,,ok,True
esparragos,Espárragos,verduras,usda_fdc_sr_legacy,"FDC ID 168389 (sr_legacy) — Asparagus, raw — https://fdc.nal.usda.gov/food-details/168389/nutrients — consultado 2026-09-27. Fuera de ±20% Atwater (25.4 vs 20 kcal), factores específicos de fibra de FDC.",20,2.2,3.88,0.12,2.1,1.88,2,,ok,True
margarina,Margarina,grasas_y_aceites,usda_fdc_sr_legacy,"FDC ID 171018 (sr_legacy) — Margarine, regular, hard, soybean (hydrogenated) — https://fdc.nal.usda.gov/food-details/171018/nutrients — consultado 2026-09-27",719,0.9,0.9,80.5,0,0,943,,ok,False
aceite_de_coco,Aceite de coco,grasas_y_aceites,usda_fdc_sr_legacy,"FDC ID 171412 (sr_legacy) — Oil, coconut — https://fdc.nal.usda.gov/food-details/171412/nutrients — consultado 2026-09-27",892,0,0,99.06,0,0,0,0.92,ok,False
manteca_de_cerdo,Manteca de cerdo,grasas_y_aceites,usda_fdc_sr_legacy,"FDC ID 171401 (sr_legacy) — Lard — https://fdc.nal.usda.gov/food-details/171401/nutrients — consultado 2026-09-27",902,0,0,100,0,0,0,,ok,False
aceite_de_girasol,Aceite de girasol,grasas_y_aceites,usda_fdc_sr_legacy,"FDC ID 171025 (sr_legacy) — Oil, sunflower, linoleic, (approx. 65%) — https://fdc.nal.usda.gov/food-details/171025/nutrients — consultado 2026-09-27",884,0,0,100,0,0,0,0.92,ok,False
aceite_de_canola,Aceite de canola,grasas_y_aceites,usda_fdc_sr_legacy,"FDC ID 172336 (sr_legacy) — Oil, canola — https://fdc.nal.usda.gov/food-details/172336/nutrients — consultado 2026-09-27",884,0,0,100,0,0,0,0.92,ok,False
panela,Panela,azucares,usda_fdc_sr_legacy,"FDC ID 168833 (sr_legacy) — Sugars, brown — https://fdc.nal.usda.gov/food-details/168833/nutrients — consultado 2026-09-27. Proxy de panela colombiana (azúcar de caña sin refinar); FDC no tiene una entrada de panela/piloncillo/jaggery específica.",380,0.12,98.09,0,0,97.02,28,,ok,False
miel_de_abejas,Miel de abejas,azucares,usda_fdc_sr_legacy,"FDC ID 169640 (sr_legacy) — Honey — https://fdc.nal.usda.gov/food-details/169640/nutrients — consultado 2026-09-27",304,0.3,82.4,0,0.2,82.12,4,,ok,False
bocadillo_de_guayaba,Bocadillo de guayaba,azucares,usda_fdc_fndds,"FDC ID 2710307 (fndds) — Guava paste — https://fdc.nal.usda.gov/food-details/2710307/nutrients — consultado 2026-09-27. Coincidencia directa: 'guava paste' es el mismo producto que el bocadillo de guayaba colombiano.",292,0.1,72.56,0.27,1.1,71.62,2,,ok,False
chocolate_de_mesa,Chocolate de mesa,azucares,usda_fdc_sr_legacy,"FDC ID 167999 (sr_legacy) — Baking chocolate, mexican, squares — https://fdc.nal.usda.gov/food-details/167999/nutrients — consultado 2026-09-27. Proxy razonable de chocolate de mesa colombiano (tableta de chocolate para bebida, con azúcar y a veces canela); FDC no tiene una entrada colombiana específica.",426,3.64,77.41,15.59,4,69.4,3,,ok,False
sal,Sal,condimentos_y_otros,usda_fdc_sr_legacy,"FDC ID 173468 (sr_legacy) — Salt, table — https://fdc.nal.usda.gov/food-details/173468/nutrients — consultado 2026-09-27. energy_kcal y los 3 macronutrientes son 0 (sal pura, NaCl); caso legítimo, no un dato faltante.",0,0,0,0,0,0,38758,,ok,False
vinagre,Vinagre,condimentos_y_otros,usda_fdc_sr_legacy,"FDC ID 173469 (sr_legacy) — Vinegar, cider — https://fdc.nal.usda.gov/food-details/173469/nutrients — consultado 2026-09-27. Fuera de ±20% Atwater: la energía real del vinagre viene del ácido acético, que FDC no reparte en protein_g/carbs_g/fat_g de la forma que asume la fórmula general de Atwater (4/4/9); es un caso conocido de esa fórmula, igual que 'cafe' en el catálogo semilla.",21,0,0.93,0,0,0.4,5,1.01,ok,True
salsa_de_tomate,Salsa de tomate,condimentos_y_otros,usda_fdc_sr_legacy,"FDC ID 169074 (sr_legacy) — Tomato sauce, canned, no salt added — https://fdc.nal.usda.gov/food-details/169074/nutrients — consultado 2026-09-27",24,1.2,5.31,0.3,1.5,3.56,11,,ok,False
mayonesa,Mayonesa,condimentos_y_otros,usda_fdc_sr_legacy,"FDC ID 171009 (sr_legacy) — Salad dressing, mayonnaise, regular — https://fdc.nal.usda.gov/food-details/171009/nutrients — consultado 2026-09-27",680,0.96,0.57,74.85,0,0.57,635,,ok,False
mostaza,Mostaza,condimentos_y_otros,usda_fdc_sr_legacy,"FDC ID 172234 (sr_legacy) — Mustard, prepared, yellow — https://fdc.nal.usda.gov/food-details/172234/nutrients — consultado 2026-09-27",60,3.74,5.83,3.34,4,0.92,1104,,ok,False
caldo_de_pollo_en_cubo,Caldo de pollo en cubo,condimentos_y_otros,usda_fdc_sr_legacy,"FDC ID 171563 (sr_legacy) — Soup, chicken broth cubes, dry — https://fdc.nal.usda.gov/food-details/171563/nutrients — consultado 2026-09-27",198,14.6,23.5,4.7,0,0,24000,,ok,False
pimienta,Pimienta,condimentos_y_otros,usda_fdc_sr_legacy,"FDC ID 170931 (sr_legacy) — Spices, pepper, black — https://fdc.nal.usda.gov/food-details/170931/nutrients — consultado 2026-09-27. Fuera de ±20% Atwater: gran parte de carbs_g (63.95 g) es fibra (25.3 g) no metabolizable; la fórmula general de Atwater (4/4/9) sobreestima la energía de especias muy fibrosas, la energía declarada por FDC ya lo corrige.",251,10.39,63.95,3.26,25.3,0.64,20,,ok,True
comino,Comino,condimentos_y_otros,usda_fdc_sr_legacy,"FDC ID 170923 (sr_legacy) — Spices, cumin seed — https://fdc.nal.usda.gov/food-details/170923/nutrients — consultado 2026-09-27",375,17.81,44.24,22.27,10.5,2.25,168,,ok,False
oregano,Orégano,condimentos_y_otros,usda_fdc_sr_legacy,"FDC ID 171328 (sr_legacy) — Spices, oregano, dried — https://fdc.nal.usda.gov/food-details/171328/nutrients — consultado 2026-09-27. Fuera de ±20% Atwater: gran parte de carbs_g (68.92 g) es fibra (42.5 g) no metabolizable, mismo caso que 'pimienta' en este lote.",265,9,68.92,4.28,42.5,4.09,25,,ok,True
cereal_de_maiz,Cereal de maíz,snacks_procesados,usda_fdc_fndds,"FDC ID 2708453 (fndds) — Cereal, corn flakes, plain — https://fdc.nal.usda.gov/food-details/2708453/nutrients — consultado 2026-09-27",365,6.4,79.52,1.6,3.5,9.44,703,,ok,False
papas_fritas,Papas fritas,snacks_procesados,usda_fdc_sr_legacy,"FDC ID 169677 (sr_legacy) — Snacks, potato chips, plain, salted — https://fdc.nal.usda.gov/food-details/169677/nutrients — consultado 2026-09-27",532,6.39,53.83,33.98,3.1,0.33,527,,ok,False
palomitas_de_maiz,Palomitas de maíz,snacks_procesados,usda_fdc_sr_legacy,"FDC ID 167959 (sr_legacy) — Snacks, popcorn, air-popped — https://fdc.nal.usda.gov/food-details/167959/nutrients — consultado 2026-09-27",387,12.94,77.78,4.54,14.5,0.87,8,,ok,False
gelatina,Gelatina,snacks_procesados,usda_fdc_fndds,"FDC ID 2710310 (fndds) — Gelatin dessert — https://fdc.nal.usda.gov/food-details/2710310/nutrients — consultado 2026-09-27",60,1.22,14.19,0,0,13.49,75,,ok,False
chocolate_caliente,Chocolate caliente,bebidas,usda_fdc_sr_legacy,"FDC ID 171277 (sr_legacy) — Milk, chocolate beverage, hot cocoa, homemade — https://fdc.nal.usda.gov/food-details/171277/nutrients — consultado 2026-09-27",77,3.52,10.74,2.34,1,9.66,44,,ok,False
avena_bebida,Avena bebida,bebidas,usda_fdc_fndds,"FDC ID 2705412 (fndds) — Oat milk — https://fdc.nal.usda.gov/food-details/2705412/nutrients — consultado 2026-09-27",45,0.66,5.37,2.33,0.5,2.04,43,,ok,False
gaseosa,Gaseosa,bebidas,usda_fdc_sr_legacy,"FDC ID 174852 (sr_legacy) — Beverages, carbonated, cola, regular — https://fdc.nal.usda.gov/food-details/174852/nutrients — consultado 2026-09-27. Proxy genérico de gaseosa/soda tipo cola; FDC no distingue marcas colombianas.",42,0,10.36,0.25,0,9.94,3,,ok,False
jugo_de_mora,Jugo de mora,bebidas,usda_fdc_sr_legacy,"FDC ID 173947 (sr_legacy) — Blackberry juice, canned — https://fdc.nal.usda.gov/food-details/173947/nutrients — consultado 2026-09-27. Proxy de mora andina (Rubus glaucus) con blackberry (Rubus fruticosus), especie cercana; FDC no tiene una entrada específica de mora andina.",38,0.3,7.8,0.6,0.1,7.7,1,,ok,False
te,Té,bebidas,usda_fdc_sr_legacy,"FDC ID 173227 (sr_legacy) — Beverages, tea, black, brewed, prepared with tap water — https://fdc.nal.usda.gov/food-details/173227/nutrients — consultado 2026-09-27",1,0,0.3,0,0,0,3,,ok,False
malta,Malta,bebidas,usda_fdc_sr_legacy,"FDC ID 174863 (sr_legacy) — Malt beverage, includes non-alcoholic beer — https://fdc.nal.usda.gov/food-details/174863/nutrients — consultado 2026-09-27. Proxy aproximado: FDC no tiene la bebida de malta dulce colombiana (ej. Malta Postobón); esta entrada de 'malt beverage' es la más cercana en categoría, aunque probablemente menos dulce que el producto comercial colombiano.",37,0.21,8.05,0.12,0,8.05,13,,ok,False
agua_de_coco,Agua de coco,bebidas,usda_fdc_sr_legacy,"FDC ID 174831 (sr_legacy) — Beverages, Coconut water, ready-to-drink, unsweetened — https://fdc.nal.usda.gov/food-details/174831/nutrients — consultado 2026-09-27",18,0.22,4.24,0,0,3.92,26,,ok,False
