food_id,term
huevo,huevos
arepa,arepa de maiz
arepa,arepa asada
queso_campesino,queso blanco
queso_campesino,queso fresco
arroz_blanco_cocido,arroz
arroz_blanco_cocido,arroz blanco
pechuga_de_pollo,pollo
pechuga_de_pollo,pechuga
aguacate,aguacate hass
platano_maduro,platano maduro
papa_cocida,papa
papa_cocida,patata
pan_integral,pan
cafe,tinto
cafe,cafe negro
leche_entera,leche
aceite_vegetal,aceite
aceite_de_oliva,aceite de oliva extra virgen
azucar,azucar blanca
banano,banana
banano,guineo
frijol_cocido,frijoles
frijol_cocido,frijol rojo
lenteja_cocida,lentejas
carne_de_res,carne
carne_de_res,res
jugo_de_naranja,jugo de naranja natural
mantequilla_de_mani,mani
mantequilla_de_mani,crema de mani
tomate,tomate rojo
cebolla,cebolla cabezona
yuca_cocida,yuca
pasta_cocida,pasta
pasta_cocida,espagueti
naranja,naranja dulce
